cert,rssd,asset,charter,findrsLender,Lender,asset_cat
32257,NA,346061,708059,Abacus Federal Savings Bank,Abacus Federal Savings Bank,Less than $1bn
19600,2107707,2163530,15592,"Academy Bank, National Association","Academy Bank, National Association",$1bn - 2.49bn
34885,5189450,1009419,25154,"Affiliated Bank, National Association","Affiliated Bank, National Association",$1bn - 2.49bn
17230,1208933,625489,14688,Albany Bank and Trust Company National Association,"Albany Bank and Trust Company, National Association",Less than $1bn
3931,2067007,2510412,13790,"Alerus Financial, National Association","Alerus Financial, National Association",$2.5bn - 9.9bn
14531,1107205,5846865,14206,Amarillo National Bank,Amarillo National Bank,$2.5bn - 9.9bn
22953,1135972,8092661,16804,"Amerant Bank, National Association","Amerant Bank, National Association",$2.5bn - 9.9bn
34955,1138610,373478,24369,"American Bank and Trust Company, National Association","American Bank and Trust Company, National Association",Less than $1bn
57686,3272947,372671,24456,"American Commerce Bank, National Association","American Commerce Bank, National Association",Less than $1bn
27471,1275216,130004248,25151,American Express National Bank,American Express National Bank,$100bn and above
29140,3802858,627097,702983,American Federal Bank,American Federal Bank,Less than $1bn
34656,3472176,1944494,23521,American First National Bank,American First National Bank,$1bn - 2.49bn
8843,4520953,372426,15037,American Heritage National Bank,American Heritage National Bank,Less than $1bn
22373,2507183,902827,16617,American National Bank & Trust,American National Bank & Trust,Less than $1bn
6837,1076691,2478480,9343,American National Bank and Trust Company,American National Bank and Trust Company,$1bn - 2.49bn
26499,3047172,303568,24219,American National Bank of Minnesota,American National Bank of Minnesota,Less than $1bn
58469,NA,558110,24716,"American Plus Bank, National Association","American Plus Bank, National Association",Less than $1bn
32526,3842957,7385745,708384,"American Savings Bank, FSB","American Savings Bank, FSB",$2.5bn - 9.9bn
57295,3583700,574060,24182,AMG National Trust Bank,AMG National Trust Bank,Less than $1bn
22381,2622116,209847,16625,Anahuac National Bank,Anahuac National Bank,Less than $1bn
3759,1142877,218818,5525,Anna-Jonesboro National Bank,Anna-Jonesboro National Bank,Less than $1bn
29679,NA,160776,703874,Anthem Bank & Trust,Anthem Bank & Trust,Less than $1bn
28780,NA,425798,702349,Arundel Federal Savings Bank,Arundel Federal Savings Bank,Less than $1bn
5296,1199563,33859027,23695,"Associated Bank, National Association","Associated Bank, National Association",$10bn - 99.9bn
35525,3555686,2719322,24425,"Atlantic Capital Bank, National Association","Atlantic Capital Bank, National Association",$2.5bn - 9.9bn
28288,3799369,84620,701305,"Auburn Savings Bank, FSB","Auburn Savings Bank, FSB",Less than $1bn
3276,3035227,1903073,5581,"Austin Bank, Texas National Association","Austin Bank, Texas National Association",$1bn - 2.49bn
31390,3837962,689527,25139,"Axiom Bank, National Association","Axiom Bank, National Association",Less than $1bn
35546,3814310,11543844,716456,Axos Bank,Axos Bank,$10bn - 99.9bn
2987,1141870,630560,3956,Baker Boyer National Bank,Baker Boyer National Bank,Less than $1bn
6959,1048728,623461,1253,Ballston Spa National Bank,Ballston Spa National Bank,Less than $1bn
35498,3153130,7633825,25080,"Banc of California, National Association","Banc of California, National Association",$2.5bn - 9.9bn
4033,2107789,498920,12152,"BancCentral, National Association","BancCentral, National Association",Less than $1bn
29087,5009026,407845,702889,Bank 34,Bank 34,Less than $1bn
3510,1073757,2031940000,13044,"Bank of America, National Association","Bank of America, National Association",$100bn and above
2224,1122310,606879,10844,"Bank of Bridger, National Association","Bank of Bridger, National Association",Less than $1bn
9385,1022063,88987,16976,"Bank of Brookfield-Purdin, National Association","Bank of Brookfield-Purdin, National Association",Less than $1bn
26542,2127022,192655,20415,Bank of Desoto National Association,"Bank of DeSoto, National Association",Less than $1bn
16276,1098581,391438,14510,"Bank of Hillsboro, National Association","Bank of Hillsboro, National Association",Less than $1bn
3178,5193420,175920,4865,"Bank of Houston, National Association","Bank of Houston, National Association",Less than $1bn
57044,NA,852052,24100,"Bank of Southern California, National Association","Bank of Southern California, National Association",Less than $1bn
24211,1398692,74761,17548,"Bank of Whittier, National Association","Bank of Whittier, National Association",Less than $1bn
22434,1249048,241062,16643,"BankChampaign, National Association","BankChampaign, National Association",Less than $1bn
28808,3035928,1448679,25140,"BankFinancial, National Association","BankFinancial, National Association",$1bn - 2.49bn
16418,1134313,758352,713480,Banksouth,BankSouth,Less than $1bn
58979,4028712,33512179,25028,"BankUnited, National Association","BankUnited, National Association",$10bn - 99.9bn
34395,2260406,2803265,23216,"Barrington Bank & Trust Company, National Association","Barrington Bank & Trust Company, National Association",$2.5bn - 9.9bn
25644,1031515,142770,18358,"Beacon Business Bank, National Association","Beacon Business Bank, National Association",Less than $1bn
57701,2260406,1679218,24466,"Beverly Bank & Trust Company, National Association","Beverly Bank & Trust Company, National Association",$1bn - 2.49bn
3320,1918081,167969,8674,"Big Bend Banks, National Association","Big Bend Banks, National Association",Less than $1bn
58723,3636389,306028,24798,"Black Hills Community Bank, National Association","Black Hills Community Bank, National Association",Less than $1bn
35274,1426960,1025492,23903,"Blue Ridge Bank, National Association","Blue Ridge Bank, National Association",$1bn - 2.49bn
16571,1231333,145168865,14583,BMO Harris Bank National Association,BMO Harris Bank National Association,$100bn and above
57197,1248162,1041885,24224,BNC National Bank,BNC National Bank,$1bn - 2.49bn
4214,1883693,46955256,13679,"BOKF, National Association","BOKF, National Association",$10bn - 99.9bn
12923,1121340,13210697,23290,"Bremer Bank, National Association","Bremer Bank, National Association",$10bn - 99.9bn
15797,1106879,3953416,14447,Broadway National Bank,Broadway National Bank,$2.5bn - 9.9bn
10844,1399578,216564,14479,Buena Vista National Bank,Buena Vista National Bank,Less than $1bn
58545,NA,88441,24744,"Business Bank of Texas, National Association","Business Bank of Texas, National Association",Less than $1bn
4999,4882802,17233498,3656,"Cadence Bank, National Association","Cadence Bank, National Association",$10bn - 99.9bn
57974,NA,51569,24577,"California International Bank, A National Banking Association","California International Bank, A National Banking Association",Less than $1bn
35547,4842329,92951,24049,"Canyon Community Bank, National Association","Canyon Community Bank, National Association",Less than $1bn
4297,2277860,339215513,13688,"Capital One, National Association","Capital One, National Association",$100bn and above
27981,4226910,9385483,700670,Capitol Federal Savings Bank,Capitol Federal Savings Bank,$2.5bn - 9.9bn
24199,NA,126151,17525,Capitol National Bank,Capitol National Bank,Less than $1bn
5558,5085972,190487,5737,"CapTex Bank, National Association","Captex Bank, National Association",Less than $1bn
30394,2531245,581718,705273,Carver Federal Savings Bank,Carver Federal Savings Bank,Less than $1bn
6954,1249075,157150,412,Cayuga Lake National Bank,Cayuga Lake National Bank,Less than $1bn
3098,1104567,112402,7524,"Cendera Bank, National Association","Cendera Bank, National Association",Less than $1bn
10976,1246494,187253,20448,Center National Bank,Center National Bank,Less than $1bn
58158,4087894,142173,24617,"CenTrust Bank, National Association","CenTrust Bank, National Association",Less than $1bn
29700,4211831,493983,703912,Century Next Bank,Century Next Bank,Less than $1bn
58595,3597220,930350,24755,"Chain Bridge Bank, National Association","Chain Bridge Bank, National Association",Less than $1bn
7356,1138955,372074,9405,Champlain National Bank,Champlain National Bank,Less than $1bn
28684,3831960,228425,702148,Chesapeake Bank of Maryland,Chesapeake Bank of Maryland,Less than $1bn
7213,1951350,1632405000,1461,"Citibank, N.A.","Citibank, N.A.",$100bn and above
57265,3823929,1504998,25088,Citizens Community Federal National Association,Citizens Community Federal National Association,$1bn - 2.49bn
14779,1103373,218240,14273,Citizens National Bank at Brownwood,Citizens National Bank at Brownwood,Less than $1bn
15760,2473260,316109,14435,Citizens National Bank of Albion,Citizens National Bank of Albion,Less than $1bn
5018,1135422,318492,13522,Citizens National Bank of Cheboygan,Citizens National Bank of Cheboygan,Less than $1bn
3158,1102161,52482,8515,Citizens National Bank of Crosbyton,Citizens National Bank of Crosbyton,Less than $1bn
4549,1140930,519537,12955,Citizens National Bank of Greater St. Louis,Citizens National Bank of Greater St. Louis,Less than $1bn
5574,1105470,1196845,13516,Citizens National Bank of Texas,Citizens National Bank of Texas,$1bn - 2.49bn
26381,2344856,1102378,20184,"Citizens National Bank, National Association","Citizens National Bank, National Association",$1bn - 2.49bn
31184,NA,317478,706503,Citizens Savings Bank,Citizens Savings Bank,Less than $1bn
34352,2697954,360345,22968,"City First Bank of D.C., National Association","City First Bank of D.C., National Association",Less than $1bn
20234,2833891,16241158,15977,City National Bank of Florida,City National Bank of Florida,$10bn - 99.9bn
17735,1076262,5028608,14807,City National Bank of West Virginia,City National Bank of West Virginia,$2.5bn - 9.9bn
1022,1205325,281017,15649,"Clare Bank, National Association","Clare Bank, National Association",Less than $1bn
3126,2762384,415804,13731,"Classic Bank, National Association","Classic Bank, National Association",Less than $1bn
58864,3823817,477398,24861,Coastal Carolina National Bank,Coastal Carolina National Bank,Less than $1bn
31361,4264789,1052372,706809,"Colonial Savings, F.A.","Colonial Savings, F.A.",$1bn - 2.49bn
16246,4625858,234797,713248,Commercial Banking Company,Commercial Banking Company,Less than $1bn
19024,1118818,222467,15257,Commercial National Bank of Texarkana,Commercial National Bank of Texarkana,Less than $1bn
10568,3802540,167498,717428,Community Development Bank FSB,"Community Development Bank, FSB",Less than $1bn
57129,3793125,186300,717528,Community Federal Savings Bank,Community Federal Savings Bank,Less than $1bn
35585,2948517,303491,24080,Community First National Bank,Community First National Bank,Less than $1bn
27046,1247398,1358386,21389,Community National Bank & Trust,Community National Bank & Trust,$1bn - 2.49bn
18185,1104017,786089,14898,Community National Bank & Trust of Texas,Community National Bank & Trust of Texas,Less than $1bn
25161,2015857,116936,18233,Community National Bank of Okarche,Community National Bank of Okarche,Less than $1bn
27572,2626299,925040,21699,"Community West Bank, National Association","Community West Bank, National Association",Less than $1bn
3363,3594890,3425852,12898,"CommunityBank of Texas, National Association","CommunityBank of Texas, National Association",$2.5bn - 9.9bn
34876,2863946,465914,23664,"Connecticut Community Bank, National Association","Connecticut Community Bank, National Association",Less than $1bn
19482,2286228,663244,15543,Consumers National Bank,Consumers National Bank,Less than $1bn
58859,NA,164936,24859,"Cornerstone Bank, National Association","Cornerstone Bank, National Association",Less than $1bn
57061,2929383,684455,24114,Cornerstone National Bank & Trust Company,Cornerstone National Bank & Trust Company,Less than $1bn
35027,3839920,204771,715682,CornerstoneBank,Cornerstone Bank,Less than $1bn
6063,1125740,1206545,23771,Cortrust Bank National Association,CorTrust Bank National Association,$1bn - 2.49bn
14073,3340015,791586,14062,County National Bank,County National Bank,Less than $1bn
24561,1141861,672339,17828,Crockett National Bank,Crockett National Bank,Less than $1bn
34681,2260406,1231350,23574,"Crystal Lake Bank & Trust Company, National Association","Crystal Lake Bank & Trust Company, National Association",$1bn - 2.49bn
30167,4096485,311017,704877,Cullman Savings Bank,Cullman Savings Bank,Less than $1bn
2691,1071463,546737,10254,Cumberland Valley National Bank & Trust Company,Cumberland Valley National Bank & Trust Company,Less than $1bn
15728,2265782,842062,24604,"Dakota Community Bank & Trust, National Association","Dakota Community Bank & Trust, National Association",Less than $1bn
20727,4517298,922548,15980,"Dallas Capital Bank, National Association","Dallas Capital Bank, National Association",Less than $1bn
3977,2359962,82638,12877,DNB National Bank,DNB National Bank,Less than $1bn
57230,3049626,188904,24249,Douglas National Bank,Douglas National Bank,Less than $1bn
32360,NA,315879,708183,"Eastern Savings Bank, FSB","Eastern Savings Bank, FSB",Less than $1bn
29846,NA,382190,704194,Eaton Federal Savings Bank,Eaton Federal Savings Bank,Less than $1bn
34489,2591258,356820,23329,Edison National Bank,Edison National Bank,Less than $1bn
58413,3482054,120821,24679,Embassy National Bank,Embassy National Bank,Less than $1bn
58632,4504533,1000953,24777,Empire National Bank,Empire National Bank,$1bn - 2.49bn
58140,4267427,813644,25125,"Esquire Bank, National Association","Esquire Bank, National Association",Less than $1bn
6947,1401190,1508276,11583,"Evans Bank, National Association","Evans Bank, National Association",$1bn - 2.49bn
28914,NA,491156,702610,Evergreen Federal Bank,Evergreen Federal Bank,Less than $1bn
23404,1129627,116655,17000,Evergreen National Bank,Evergreen National Bank,Less than $1bn
5551,1104923,1541005,13778,"Extraco Banks, National Association","Extraco Banks, National Association",$1bn - 2.49bn
57603,3184219,575174,24373,Falcon National Bank,Falcon National Bank,Less than $1bn
29357,NA,112685,703330,Family Bank,Family Bank,Less than $1bn
35157,3818822,785037,715205,"Farm Bureau Bank, FSB","Farm Bureau Bank, FSB",Less than $1bn
4319,1134069,477422,5629,"FCN Bank, National Association","FCN Bank, National Association",Less than $1bn
30895,3223967,2572856,25188,"Fidelity Bank, National Association","Fidelity Bank, National Association",$2.5bn - 9.9bn
27697,NA,438064,700133,Fifth District Savings Bank,Fifth District Savings Bank,Less than $1bn
58486,3547159,2460325,24719,Finemark National Bank & Trust,FineMark National Bank & Trust,$1bn - 2.49bn
2738,2022444,529283,6769,"First & Farmers National Bank, Inc.","First & Farmers National Bank, Inc.",Less than $1bn
58593,4465559,127319,24758,"First American Bank, National Association","First American Bank, National Association",Less than $1bn
19226,3179877,282471,15386,First American National Bank,First American National Bank,Less than $1bn
16501,1404632,918707,14564,"First Bankers Trust Company, National Association","First Bankers Trust Company, National Association",Less than $1bn
57123,2997739,409245,24169,"First Century Bank, National Association","First Century Bank, National Association",Less than $1bn
3047,3556375,73040,6671,First Colorado National Bank,First Colorado National Bank,Less than $1bn
34415,3823321,812714,713570,First Command Bank,First Command Bank,Less than $1bn
24603,2299992,382485,17862,"First Commercial Bank, National Association","First Commercial Bank, National Association",Less than $1bn
1639,1096037,130126,17694,First Community National Bank,First Community National Bank,Less than $1bn
4028,1404687,1764874,2068,First Dakota National Bank,First Dakota National Bank,$1bn - 2.49bn
29537,NA,342544,703619,First Federal Bank & Trust,First Federal Bank & Trust,Less than $1bn
30441,NA,936820,705339,First Federal Bank of Louisiana,First Federal Bank of Louisiana,Less than $1bn
30422,5426847,278000,705313,First Federal Bank of Wisconsin,First Federal Bank of Wisconsin,Less than $1bn
29787,2506805,455674,25025,"First Federal Community Bank, National Association","First Federal Community Bank, National Association",Less than $1bn
29937,3824476,247637,704381,First Federal Savings Bank of Kentucky,First Federal Savings Bank of Kentucky,Less than $1bn
6354,3609132,531716,10118,"First Hope Bank, A National Banking Association","First Hope Bank, A National Banking Association",Less than $1bn
3705,1206760,3834658,10045,"First Mid Bank & Trust, National Association","First Mid Bank & Trust, National Association",$2.5bn - 9.9bn
29617,4843090,89843,703764,"First Mutual Bank, FSB","First Mutual Bank, FSB",Less than $1bn
4145,1055762,476043,5052,First National Bank & Trust Company of McAlester,First National Bank & Trust Company of McAlester,Less than $1bn
16130,NA,3859319,12072,First National Bank Alaska,First National Bank Alaska,$2.5bn - 9.9bn
3067,1246926,548038,3248,First National Bank Albany/Breckenridge,First National Bank Albany/Breckenridge,Less than $1bn
3902,1131237,147932,8029,First National Bank and Trust Co. of Bottineau,First National Bank and Trust Co. of Bottineau,Less than $1bn
4037,1055726,561815,13677,First National Bank and Trust Company of Ardmore,First National Bank and Trust Company of Ardmore,Less than $1bn
19263,4722056,260922,15407,First National Bank and Trust Company of Weatherford,First National Bank and Trust Company of Weatherford,Less than $1bn
14468,NA,154128,14184,First National Bank at Darlington,First National Bank at Darlington,Less than $1bn
4638,1051625,105601,13329,First National Bank in Cimarron,The First National Bank in Cimarron,Less than $1bn
14427,NA,307952,14168,First National Bank in DeRidder,First National Bank in DeRidder,Less than $1bn
4668,1064595,48192,11916,First National Bank in Frankfort,First National Bank in Frankfort,Less than $1bn
14370,1398795,429946,14144,First National Bank in Howell,First National Bank in Howell,Less than $1bn
14836,NA,308775,14294,First National Bank in New Bremen,First National Bank in New Bremen,Less than $1bn
5460,1052846,131191,13557,First National Bank in Ord,First National Bank in Ord,Less than $1bn
3999,1125683,276838,10637,First National Bank in Philip,First National Bank in Philip,Less than $1bn
13813,1099579,102272,13975,First National Bank in Pinckneyville,First National Bank in Pinckneyville,Less than $1bn
17811,2755153,338990,14821,First National Bank in Port Lavaca,First National Bank in Port Lavaca,Less than $1bn
17572,1133585,195777,14769,First National Bank in Taylorville,First National Bank in Taylorville,Less than $1bn
5247,1128460,223654,1794,First National Bank Minnesota,First National Bank Minnesota,Less than $1bn
25122,1246784,177052,18214,First National Bank Northwest Florida,First National Bank Northwest Florida,Less than $1bn
18282,2184043,154706,14905,First National Bank of Alvin,First National Bank of Alvin,Less than $1bn
17438,1206313,2651213,14740,First National Bank of America,First National Bank of America,$2.5bn - 9.9bn
3075,1108323,186665,7337,First National Bank of Anderson,First National Bank of Anderson,Less than $1bn
3607,1839177,133624,3640,First National Bank of Beardstown,The First National Bank of Beardstown,Less than $1bn
5564,1104110,123279,13675,First National Bank of Bosque County,First National Bank of Bosque County,Less than $1bn
18564,NA,230884,14993,First National Bank of Brookfield,First National Bank of Brookfield,Less than $1bn
23430,1130191,197352,17001,First National Bank of Burleson,First National Bank of Burleson,Less than $1bn
3325,4577984,888987,5850,First National Bank of Central Texas,First National Bank of Central Texas,Less than $1bn
16859,1055696,128782,14637,First National Bank of Chadron,First National Bank of Chadron,Less than $1bn
19070,1097100,369590,15284,First National Bank of Clarksdale,First National Bank of Clarksdale,Less than $1bn
33506,3069633,245213,22327,First National Bank of Coffee County,First National Bank of Coffee County,Less than $1bn
57694,3232361,180380,24458,First National Bank of Decatur County,First National Bank of Decatur County,Less than $1bn
26228,1246953,95318,20026,First National Bank of Dublin,First National Bank of Dublin,Less than $1bn
3863,1099449,454652,13637,First National Bank of Eastern Arkansas,First National Bank of Eastern Arkansas,Less than $1bn
17913,3668223,131640,14842,First National Bank of Fort Stockton,First National Bank of Fort Stockton,Less than $1bn
3217,1110193,230693,4410,First National Bank of Giddings,First National Bank of Giddings,Less than $1bn
18880,1057908,559659,15158,First National Bank of Gillette,First National Bank of Gillette,Less than $1bn
169,NA,291757,15572,First National Bank of Griffin,First National Bank of Griffin,Less than $1bn
34918,2759601,170460,23692,First National Bank of Hereford,First National Bank of Hereford,Less than $1bn
3269,3018958,483536,4208,First National Bank of Huntsville,First National Bank of Huntsville,Less than $1bn
2735,2744849,122449,2592,First National Bank of Kentucky,First National Bank of Kentucky,Less than $1bn
3034,1064027,395750,6030,First National Bank of Las Animas,The First National Bank of Las Animas,Less than $1bn
4288,2227182,416967,12523,First National Bank of Louisiana,First National Bank of Louisiana,Less than $1bn
3330,4619437,533934,4076,First National Bank of McGregor,The First National Bank of McGregor d/b/a TFNB Your Bank for Life,Less than $1bn
58259,3404458,634514,24637,First National Bank of Michigan,First National Bank of Michigan,Less than $1bn
961,1245385,311345,15579,First National Bank of Muscatine,First National Bank of Muscatine,Less than $1bn
15763,1248809,155408,14436,First National Bank of Nokomis,First National Bank of Nokomis,Less than $1bn
3854,2027412,214214,10406,First National Bank of North Arkansas,First National Bank of North Arkansas,Less than $1bn
4211,1058343,579737,11397,First National Bank of Oklahoma,First National Bank of Oklahoma,Less than $1bn
5452,1066209,22265188,209,First National Bank of Omaha,First National Bank of Omaha,$10bn - 99.9bn
3720,NA,194094,13478,First National Bank of Pana,First National Bank of Pana,Less than $1bn
26829,2552400,191567,20976,First National Bank of Pasco,First National Bank of Pasco,Less than $1bn
7888,3005332,35014804,249,First National Bank of Pennsylvania,First National Bank of Pennsylvania,$10bn - 99.9bn
16612,1083318,208331,14592,First National Bank of Picayune,First National Bank of Picayune,Less than $1bn
15572,1082393,919118,14619,First National Bank of Pulaski,First National Bank of Pulaski,Less than $1bn
5364,2577159,286220,7087,First National Bank of River Falls,The First National Bank of River Falls,Less than $1bn
11501,3471889,492184,14680,First National Bank of Scotia,First National Bank of Scotia,Less than $1bn
2107,1143230,207010,10680,First National Bank of South Carolina,First National Bank of South Carolina,Less than $1bn
24902,2524210,57945,18063,First National Bank of South Padre Island,First National Bank of South Padre Island,Less than $1bn
1049,1099627,215967,14437,First National Bank of Steeleville,First National Bank of Steeleville,Less than $1bn
19502,NA,890997,15550,First National Bank of Tennessee,First National Bank of Tennessee,Less than $1bn
18136,2376558,76156,14882,First National Bank of Wauchula,First National Bank of Wauchula,Less than $1bn
5590,1102170,134485,5674,First National Bank of Winnsboro,First National Bank of Winnsboro,Less than $1bn
3285,1108097,2318660,5750,First National Bank Texas,First National Bank Texas,$1bn - 2.49bn
22046,1140190,136073,16473,First National Bank USA,First National Bank USA,Less than $1bn
1545,1202258,951946,10408,"First National Bank, Ames, Iowa","First National Bank Ames, Iowa",Less than $1bn
17872,NA,105615,14833,"First National Bank, Cortez","First National Bank, Cortez",Less than $1bn
3747,2558505,474213,13682,"First Neighbor Bank, National Association","First Neighbor Bank, National Association",Less than $1bn
3063,1062528,189894,8752,First Pioneer National Bank,First Pioneer National Bank,Less than $1bn
28105,2558194,344197,23393,"First Robinson Savings Bank, National Association","First Robinson Savings Bank, National Association",Less than $1bn
32629,4264387,878649,708547,First Savings Bank,First Savings Bank,Less than $1bn
29744,5371479,412609,703997,First Seacoast Bank,First Seacoast Bank,Less than $1bn
2700,1247987,907584,1493,First Southern National Bank,First Southern National Bank,Less than $1bn
13905,1141227,187752,14005,First Texoma National Bank,First Texoma National Bank,Less than $1bn
7886,2687601,264302,9480,First United National Bank,First United National Bank,Less than $1bn
31972,NA,60934,707674,First Western Federal Savings Bank,First Western Federal Savings Bank,Less than $1bn
35028,3121344,1729186,23681,"FirstCapital Bank of Texas, National Association","FirstCapital Bank of Texas, National Association",$1bn - 2.49bn
13599,1995998,294606,13934,First-Lockhart National Bank,First-Lockhart National Bank,Less than $1bn
32541,4224000,26767684,708412,"Flagstar Bank, FSB","Flagstar Bank, FSB",$10bn - 99.9bn
26323,3223828,522252,20214,"Florida Capital Bank, National Association","Florida Capital Bank, National Association",Less than $1bn
57415,3446346,1250131,24349,"Forcht Bank, National Association","Forcht Bank, National Association",$1bn - 2.49bn
15945,1203853,247059,14566,Forest Park National Bank and Trust Company,Forest Park National Bank and Trust Company,Less than $1bn
29188,NA,361000,703069,Fox Valley Savings Bank,Fox Valley Savings Bank,Less than $1bn
57254,1985131,126285,24257,Freedom National Bank,Freedom National Bank,Less than $1bn
7551,1117129,22780649,24891,"Fulton Bank, National Association","Fulton Bank, National Association",$10bn - 99.9bn
27774,NA,2488904,700257,Gate City Bank,Gate City Bank,$1bn - 2.49bn
16040,2912442,349599,718024,Generations Bank,Generations Bank,Less than $1bn
7074,1048812,2639917,7699,Glens Falls National Bank and Trust Company,Glens Falls National Bank and Trust Company,$2.5bn - 9.9bn
26223,NA,1071625,18558,"Golden Bank, National Association","Golden Bank, National Association",$1bn - 2.49bn
28735,3835230,239913,702253,"Golden Belt Bank, FSA","Golden Belt Bank, FSA",Less than $1bn
26881,2930419,141969,20862,"Golden Pacific Bank, National Association","Golden Pacific Bank, National Association",Less than $1bn
3674,4087830,211017,6684,Grand Ridge National Bank,Grand Ridge National Bank,Less than $1bn
59113,5215715,100250,25152,"Grasshopper Bank, National Association","Grasshopper Bank, National Association",Less than $1bn
34207,1060355,830077,23049,Great Plains National Bank,Great Plains National Bank,Less than $1bn
31198,NA,149920,706518,"Greeneville Federal Bank, FSB","Greeneville Federal Bank, FSB",Less than $1bn
27965,3828595,202222,700641,Greenville Federal,Greenville Federal,Less than $1bn
13703,1071566,491169,13944,Greenville National Bank,Greenville National Bank,Less than $1bn
1208,1862036,2391235,25053,"Guaranty Bank & Trust, National Association","Guaranty Bank & Trust, National Association",$1bn - 2.49bn
14399,1103494,72215,14149,Haskell National Bank,Haskell National Bank,Less than $1bn
18296,1142439,657352,14911,Hawaii National Bank,Hawaii National Bank,Less than $1bn
35052,2800482,431969,23773,Heartland National Bank,Heartland National Bank,Less than $1bn
29241,NA,107198,703155,Henderson Federal Savings Bank,Henderson Federal Savings Bank,Less than $1bn
29577,5110324,135315,703691,Heritage Bank of St. Tammany,Heritage Bank of St. Tammany,Less than $1bn
19254,2144739,402874,15401,"Heritage Bank, National Association","Heritage Bank, National Association",Less than $1bn
13058,4465559,253681,15698,Hiawatha National Bank,Hiawatha National Bank,Less than $1bn
19184,1054840,931209,15359,Hilltop National Bank,Hilltop National Bank,Less than $1bn
33849,2260406,3522482,25212,"Hinsdale Bank & Trust Company, National Association","Hinsdale Bank & Trust Company, National Association",$2.5bn - 9.9bn
29881,NA,334166,704255,Home Bank SB,"Home Bank, SB",Less than $1bn
28094,3851191,2243717,25106,"Home Bank, National Association","Home Bank, National Association",$1bn - 2.49bn
27654,4253121,463168,700057,Home Federal Bank,Home Federal Bank,Less than $1bn
29683,NA,2263890,703879,Home Federal Bank of Tennessee,Home Federal Bank of Tennessee,$1bn - 2.49bn
29042,2500719,783537,702818,Home Federal Savings Bank,Home Federal Savings Bank,Less than $1bn
27417,5278411,347091,712504,"Home Loan Investment Bank, F.S.B.","Home Loan Investment Bank, F.S.B.",Less than $1bn
32459,3816547,356386,708286,Homeland Federal Savings Bank,Homeland Federal Savings Bank,Less than $1bn
28667,NA,67524,718109,Homestead Savings Bank,Homestead Savings Bank,Less than $1bn
19603,1107522,639172,15593,"Hometown Bank, National Association","Hometown Bank, National Association",Less than $1bn
3691,1209323,241965,2503,Hometown National Bank,Hometown National Bank,Less than $1bn
57890,1857108,201885682,24522,"HSBC Bank USA, National Association","HSBC Bank USA, National Association",$100bn and above
3664,1208054,1183325,11443,"INB, National Association","INB, National Association",$1bn - 2.49bn
3342,2227481,178495,12190,"Incommons Bank, National Association","Incommons Bank, National Association",Less than $1bn
25258,NA,367518,18283,"Intercredit Bank, National Association","Intercredit Bank, National Association",Less than $1bn
25648,3444847,381917,718151,International City Bank,International City Bank,Less than $1bn
58316,4090054,2197542,25185,"Investar Bank, National Association","Investar Bank, National Association",$1bn - 2.49bn
19080,1134498,3032613,15292,Inwood National Bank,Inwood National Bank,$2.5bn - 9.9bn
628,1039502,2690959000,8,"JPMorgan Chase Bank, National Association","JPMorgan Chase Bank, National Association",$100bn and above
15078,NA,71844,14330,Junction National Bank,Junction National Bank,Less than $1bn
26790,3400937,237227,20622,"KEB Hana Bank USA, National Association","KEB Hana Bank USA, National Association",Less than $1bn
17534,1068025,154993507,14761,KeyBank National Association,KeyBank National Association,$100bn and above
34456,5278372,222777,23183,"Keystone Bank, National Association","Keystone Bank, National Association",Less than $1bn
6616,2246400,384570,9536,Kingston National Bank,Kingston National Bank,Less than $1bn
3286,1104325,593825,12968,"Kleberg Bank, National Association","Kleberg Bank, National Association",Less than $1bn
27589,2260406,4696128,25149,"Lake Forest Bank & Trust Company, National Association","Lake Forest Bank & Trust Company, National Association",$2.5bn - 9.9bn
30530,3793086,628600,705506,Lake Shore Savings Bank,Lake Shore Savings Bank,Less than $1bn
23597,1136906,195156,17106,Lamar National Bank,Lamar National Bank,Less than $1bn
5826,3030307,985910,23038,Landmark National Bank,Landmark National Bank,Less than $1bn
6623,2759900,1633433,2360,LCNB National Bank,LCNB National Bank,$1bn - 2.49bn
57134,3439236,1911768,24131,"Leader Bank, National Association","Leader Bank, National Association",$1bn - 2.49bn
33418,3625123,566630,22210,Ledyard National Bank,Ledyard National Bank,Less than $1bn
57953,5070192,575627,24573,Legacy National Bank,Legacy National Bank,Less than $1bn
3108,1416578,788501,4265,"Legend Bank, National Association","Legend Bank, National Association",Less than $1bn
34073,2260406,1801658,25197,"Libertyville Bank & Trust Company, National Association","Libertyville Bank & Trust Company, National Association",$1bn - 2.49bn
24305,4575047,188923,17606,Llano National Bank,Llano National Bank,Less than $1bn
35015,NA,251566,23730,"Lone Star Capital Bank, National Association","Lone Star Capital Bank, National Association",Less than $1bn
24347,2325350,2362560,17611,Lone Star National Bank,Lone Star National Bank,$1bn - 2.49bn
27727,NA,125510,700179,Lyons Federal Bank,Lyons Federal Bank,Less than $1bn
27861,3805279,1234760,25153,"Malvern Bank, National Association","Malvern Bank, National Association",$1bn - 2.49bn
28585,3793497,88903,701899,"Maple City Savings Bank, FSB","Maple City Savings Bank, FSB",Less than $1bn
23798,2642196,272748,17269,Mccurtain County National Bank,McCurtain County National Bank,Less than $1bn
8866,1128769,1896341,14488,"Merchants Bank, National Association","Merchants Bank, National Association",$1bn - 2.49bn
30776,2390013,5852136,25195,"MetaBank, National Association","MetaBank, National Association",$2.5bn - 9.9bn
3612,1206573,426415,13838,Midamerica National Bank,MidAmerica National Bank,Less than $1bn
28865,5281989,770061,702518,Midcountry Bank,MidCountry Bank,Less than $1bn
28368,5399950,448584,701452,"Middlesex Federal Savings, F.A.","Middlesex Federal Savings, F.A.",Less than $1bn
4063,3839096,24197472,714191,Midfirst Bank,MidFirst Bank,$10bn - 99.9bn
4465,1825367,599927,10354,"Midstates Bank, National Association","Midstates Bank, National Association",Less than $1bn
13255,1064652,803374,23797,"Midwest Bank, National Association",Midwest Bank National Association,Less than $1bn
4432,1200852,291041,712423,"Midwest Heritage Bank, F.S.B.","Midwest Heritage Bank, F.S.B.",Less than $1bn
29835,NA,418260,704167,Milford Federal Bank,Milford Federal Bank,Less than $1bn
5249,1246364,205495,6417,Minnesota National Bank,Minnesota National Bank,Less than $1bn
13809,1126747,131301,13972,Minnstar Bank National Association,MinnStar Bank National Association,Less than $1bn
22398,3720000,798440,16629,"Modern Bank, National Association","Modern Bank, National Association",Less than $1bn
3210,1107522,1223366,8899,Moody National Bank,Moody National Bank,$1bn - 2.49bn
6786,1404641,148287,9610,"Mountain Valley Bank, National Association","Mountain Valley Bank, National Association",Less than $1bn
22826,2961897,135037826,21541,"MUFG Union Bank, National Association","MUFG Union Bank, National Association",$100bn and above
29999,NA,52345,704516,Mutual Savings Bank,Mutual Savings Bank,Less than $1bn
16752,3595431,82169,14617,National Bank of St. Anne,National Bank of St. Anne,Less than $1bn
10044,1202052,2089096,13879,National Exchange Bank and Trust,National Exchange Bank and Trust,$1bn - 2.49bn
3214,3059773,667049,4097,National United,National United,Less than $1bn
27026,2943419,139981,21158,"Native American Bank, National Association","Native American Bank, National Association",Less than $1bn
34811,2947350,751228,23645,Nebraskaland National Bank,NebraskaLand National Bank,Less than $1bn
29173,NA,136859,703043,New Carlisle Federal Savings Bank,New Carlisle Federal Savings Bank,Less than $1bn
58857,NA,89716,24858,"New Horizon Bank, National Association","New Horizon Bank, National Association",Less than $1bn
23086,4357252,488155,16840,"New Omni Bank, National Association","New Omni Bank, National Association",Less than $1bn
14646,1830361,695001,14240,Newfield National Bank,Newfield National Bank,Less than $1bn
3183,3213922,757783,6112,Newfirst National Bank,NewFirst National Bank,Less than $1bn
29510,5061734,645988,703575,Newton Federal Bank,Newton Federal Bank,Less than $1bn
7900,2264404,1445459,5073,"NexTier Bank, National Association","NexTier Bank, National Association",$1bn - 2.49bn
57038,3103603,3722804,24107,Nicolet National Bank,Nicolet National Bank,$2.5bn - 9.9bn
34662,2908650,132632,23547,North Georgia National Bank,North Georgia National Bank,Less than $1bn
28679,NA,2214151,702130,"North Shore Bank, FSB","North Shore Bank, FSB",$1bn - 2.49bn
27683,3849545,236374,700108,North Shore Trust and Savings,North Shore Trust and Savings,Less than $1bn
57082,2260406,3065427,25199,"Northbrook Bank & Trust Company, National Association","Northbrook Bank & Trust Company, National Association",$2.5bn - 9.9bn
58224,NA,285905,24626,Northern California National Bank,Northern California National Bank,Less than $1bn
13784,1871588,158770,6863,"Northern Interstate Bank, National Association","Northern Interstate Bank, National Association",Less than $1bn
28710,3132863,5002703,718063,Northfield Bank,Northfield Bank,$2.5bn - 9.9bn
9746,1126466,149379,24372,"Northwestern Bank, National Association","Northwestern Bank, National Association",Less than $1bn
1415,1124097,119933,714810,Northwoods Bank of Minnesota,Northwoods Bank of Minnesota,Less than $1bn
58827,NA,262033,24849,Oak View National Bank,Oak View National Bank,Less than $1bn
28359,2609975,10491688,25150,"OceanFirst Bank, National Association","OceanFirst Bank, National Association",$10bn - 99.9bn
58504,NA,447667,24730,Old Dominion National Bank,Old Dominion National Bank,Less than $1bn
58314,2260406,1685599,24646,"Old Plank Trail Community Bank, National Association","Old Plank Trail Community Bank, National Association",$1bn - 2.49bn
3603,1206911,2658061,4596,Old Second National Bank,Old Second National Bank,$2.5bn - 9.9bn
3376,3491869,273097,7748,Ozona National Bank,Ozona National Bank,Less than $1bn
26299,NA,661387,20010,Pacific National Bank,Pacific National Bank,Less than $1bn
926,1491801,376015,14418,Peoples National Bank of Kewanee,Peoples National Bank of Kewanee,Less than $1bn
27334,3650152,60206875,25103,"People's United Bank, National Association","People's United Bank, National Association",$10bn - 99.9bn
29384,NA,156998,703367,Peru Federal Savings Bank,Peru Federal Savings Bank,Less than $1bn
27619,NA,878124,700007,Piedmont Federal Savings Bank,Piedmont Federal Savings Bank,Less than $1bn
26379,3447428,258009,20493,Pike National Bank,Pike National Bank,Less than $1bn
17782,NA,91996,15058,Pikes Peak National Bank,Pikes Peak National Bank,Less than $1bn
27872,3798933,794140,700450,Pioneer Bank,Pioneer Bank,Less than $1bn
19827,1404735,540949,21060,"Pioneer Trust Bank, National Association","Pioneer Trust Bank, National Association",Less than $1bn
6384,1069778,433803038,1316,"PNC Bank, National Association","PNC Bank, National Association",$100bn and above
31189,5115468,1147532,706509,Ponce Bank,Ponce Bank,$1bn - 2.49bn
6863,1249271,324168,9924,Powell Valley National Bank,Powell Valley National Bank,Less than $1bn
32363,3917051,644318,708186,"Presidential Bank, FSB","Presidential Bank, FSB",Less than $1bn
29294,NA,785816,703235,Prevail Bank,Prevail Bank,Less than $1bn
24443,1108985,81971,17735,Progressive National Bank,Progressive National Bank,Less than $1bn
29120,5301122,448107,717954,"Pyramax Bank, FSB","PyraMax Bank, FSB",Less than $1bn
34110,2354369,513214,22905,Quantum National Bank,Quantum National Bank,Less than $1bn
32551,4121912,1436396,708433,Radius Bank,Radius Bank,$1bn - 2.49bn
3914,3640434,260126,5886,Ramsey National Bank,Ramsey National Bank,Less than $1bn
19371,2267665,865751,15482,"Relyance Bank, National Association","Relyance Bank, National Association",Less than $1bn
3701,1207945,544280,5815,"Resource Bank, National Association","Resource Bank, National Association",Less than $1bn
29922,3180060,1180610,704347,Riverview Community Bank,Riverview Community Bank,$1bn - 2.49bn
27932,3207613,454232,700566,Riverwood Bank,RiverWood Bank,Less than $1bn
17797,4299147,714217,707794,Rollstone Bank & Trust,Rollstone Bank & Trust,Less than $1bn
28208,5373398,287500,701142,San Luis Valley Federal Bank,San Luis Valley Federal Bank,Less than $1bn
29950,1239254,87569232,25022,"Santander Bank, National Association","Santander Bank, National Association",$10bn - 99.9bn
27290,1048812,687407,21530,Saratoga National Bank and Trust Company,Saratoga National Bank and Trust Company,Less than $1bn
57103,2260406,1276844,24150,"Schaumburg Bank & Trust Company, National Association","Schaumburg Bank & Trust Company, National Association",$1bn - 2.49bn
131,1085013,7352580,14838,Seacoast National Bank,Seacoast National Bank,$2.5bn - 9.9bn
432,2411619,121328,14578,Security First National Bank of Hugo,Security First National Bank of Hugo,Less than $1bn
19213,1140323,863536,15379,Security National Bank of Omaha,Security National Bank of Omaha,Less than $1bn
34394,1200348,222997,23226,Security National Bank of South Dakota,Security National Bank of South Dakota,Less than $1bn
29496,5125373,211825,703552,Seneca Savings,Seneca Savings,Less than $1bn
32367,3831465,853686,708190,"Severn Savings Bank, FSB","Severn Savings Bank, FSB d/b/a Severn Bank",Less than $1bn
4236,2996648,335744,12529,"Shamrock Bank, National Association","Shamrock Bank, National Association",Less than $1bn
57269,3076592,983266,24264,"Signature Bank, National Association","Signature Bank, National Associatioin",Less than $1bn
6861,4949303,716124,10834,Skyline National Bank,Skyline National Bank,Less than $1bn
4196,1062416,123136,9987,"SNB Bank, National Association","SNB Bank, National Association",Less than $1bn
58534,3607549,300276,24737,Solera National Bank,Solera National Bank,Less than $1bn
33555,2868129,18590797,22311,"South State Bank, National Association","South State Bank, National Association",$10bn - 99.9bn
19819,1133754,51306,15651,Southeast First National Bank,Southeast First National Bank,Less than $1bn
29749,NA,160962,704013,Southern Hills Community Bank,Southern Hills Community Bank,Less than $1bn
30433,2592376,80698,705329,Southfirst Bank,SouthFirst Bank,Less than $1bn
13919,1105685,418733,14012,"Southtrust Bank, National Association","SouthTrust Bank, National Association",Less than $1bn
4801,1131451,450318,12346,Southwest National Bank,Southwest National Bank,Less than $1bn
34319,3234682,616339,23081,Southwestern National Bank,Southwestern National Bank,Less than $1bn
27052,2260406,1586186,25211,"St. Charles Bank & Trust Company, National Association","St. Charles Bank & Trust Company, National Association",$1bn - 2.49bn
18937,NA,21793,15198,St. Martin National Bank,St. Martin National Bank,Less than $1bn
5744,2260406,1332177,25200,"State Bank of the Lakes, National Association","State Bank of the Lakes, National Association",$1bn - 2.49bn
10988,2295837,2214669,15576,Stearns Bank National Association,Stearns Bank National Association,$1bn - 2.49bn
27664,NA,461938,700073,"Sterling Federal Bank, F.S.B.","Sterling Federal Bank, F.S.B.",Less than $1bn
30337,3083291,30259156,25075,Sterling National Bank,Sterling National Bank,$10bn - 99.9bn
4091,1051465,794938,12044,"Stride Bank, National Association","Stride Bank, National Association",Less than $1bn
4204,1141058,75434,12095,Stroud National Bank,Stroud National Bank,Less than $1bn
25054,3402511,85943,18154,Summit National Bank,Summit National Bank,Less than $1bn
4767,1066713,4311441,4742,"Sunflower Bank, National Association","Sunflower Bank, National Association",$2.5bn - 9.9bn
18561,1139103,1155654,14991,"Sunrise Banks, National Association","Sunrise Banks, National Association",$1bn - 2.49bn
5058,1495854,554454,9087,Superior National Bank & Trust Company,Superior National Bank & Trust Company,Less than $1bn
28330,1201934,48562805,23253,TCF National Bank,TCF National Bank,$10bn - 99.9bn
26442,NA,479123,20157,Terrabank National Association,"Terrabank, National Association",Less than $1bn
3302,1104071,218804,10476,"Texana Bank, National Association","Texana Bank, National Association",Less than $1bn
58450,NA,119629,24693,"Texas Advantage Community Bank, National Association","Texas Advantage Community Bank, National Association",Less than $1bn
34383,2706735,35847732,23248,"Texas Capital Bank, National Association","Texas Capital Bank, National Association",$10bn - 99.9bn
58319,4895606,516766,24640,"Texas Citizens Bank, National Association","Texas Citizens Bank, National Association",Less than $1bn
3206,1101726,610629,10420,"Texas Gulf Bank, National Association","Texas Gulf Bank, National Association",Less than $1bn
3161,3220836,161575,4701,Texas Heritage National Bank,Texas Heritage National Bank,Less than $1bn
26181,2716471,571361,18594,Texas National Bank of Jacksonville,Texas National Bank of Jacksonville,Less than $1bn
3400,4215745,318432,12308,"Texas Republic Bank, National Association","Texas Republic Bank, National Association",Less than $1bn
57704,4091819,307837,24465,TexStar National Bank,TexStar National Bank,Less than $1bn
22942,4552356,108641,16799,The American National Bank of Mount Pleasant,The American National Bank of Mount Pleasant,Less than $1bn
23474,1895007,3584050,17043,The American National Bank of Texas,The American National Bank of Texas,$2.5bn - 9.9bn
4146,1056684,394235,13770,The Bank National Association,The Bank National Association,Less than $1bn
30350,3846003,426491,705214,The Bank of Bennington,The Bank of Bennington,Less than $1bn
21591,2728595,1581401,718028,The Bank of Greene County,The Bank of Greene County,$1bn - 2.49bn
3799,2456919,392528,9734,The Bradford National Bank of Greenville,The Bradford National Bank of Greenville,Less than $1bn
3109,1106990,143769,7827,The Brady National Bank,The Brady National Bank,Less than $1bn
3113,1108789,380093,13678,The Brenham National Bank,The Brenham National Bank,Less than $1bn
6985,1133503,3149346,3817,The Canandaigua National Bank and Trust Company,The Canandaigua National Bank and Trust Company,$2.5bn - 9.9bn
4181,1067411,258642,12158,The Central National Bank of Poteau,The Central National Bank of Poteau,Less than $1bn
6531,3248821,876519,11573,The Citizens National Bank of Bluffton,The Citizens National Bank of Bluffton,Less than $1bn
3255,3220274,176484,4900,The Citizens National Bank of Hillsboro,The Citizens National Bank of Hillsboro,Less than $1bn
2753,1098639,128948,3988,The Citizens National Bank of Lebanon,The Citizens National Bank of Lebanon,Less than $1bn
4993,3186576,1437919,7266,The Citizens National Bank of Meridian,The Citizens National Bank of Meridian,$1bn - 2.49bn
5223,1124613,268155,13692,The Citizens National Bank of Park Rapids,The Citizens National Bank of Park Rapids,Less than $1bn
14731,NA,104539,14255,The Citizens National Bank of Quitman,The Citizens National Bank of Quitman,Less than $1bn
2725,1070484,462251,11544,The Citizens National Bank of Somerset,The Citizens National Bank of Somerset,Less than $1bn
6732,2376969,136537,13847,The Citizens National Bank of Woodsfield,The Citizens National Bank of Woodsfield,Less than $1bn
4132,4208961,360461,5753,"The City National Bank and Trust Company of Lawton, Oklahoma","The City National Bank and Trust Company of Lawton, Oklahoma",Less than $1bn
3814,1129672,395755,8745,The City National Bank of Metropolis,The City National Bank of Metropolis,Less than $1bn
5544,1131666,783869,3989,The City National Bank of Sulphur Springs,The City National Bank of Sulphur Springs,Less than $1bn
5548,1109825,193964,5275,The City National Bank of Taylor,The City National Bank of Taylor,Less than $1bn
4439,1234491,411287,994,The Clinton National Bank,The Clinton National Bank,Less than $1bn
3110,1103207,149304,8573,The Commercial National Bank of Brady,The Commercial National Bank of Brady,Less than $1bn
2102,1134108,1269801,10536,The Conway National Bank,The Conway National Bank,$1bn - 2.49bn
7025,2263331,302235,1323,The Delaware National Bank of Delhi,The Delaware National Bank of Delhi,Less than $1bn
7493,1116681,1177411,2515,The Ephrata National Bank,The Ephrata National Bank,$1bn - 2.49bn
3193,NA,438760,8606,The Falls City National Bank,The Falls City National Bank,Less than $1bn
4097,1065211,114750,9767,The Farmers and Merchants National Bank of Fairview,The Farmers and Merchants National Bank of Fairview,Less than $1bn
3821,2931331,189722,8221,The Farmers and Merchants National Bank of Nashville,The Farmers and Merchants National Bank of Nashville,Less than $1bn
6540,1071191,2652881,3654,The Farmers' National Bank of Canfield,The Farmers National Bank of Canfield,$2.5bn - 9.9bn
2740,1119244,660965,2409,The Farmers National Bank of Danville,The Farmers National Bank of Danville,Less than $1bn
7875,1480944,938806,5481,The Farmers National Bank of Emlenton,The Farmers National Bank of Emlenton,Less than $1bn
2754,1098451,98549,4271,The Farmers National Bank of Lebanon,The Farmers National Bank of Lebanon,Less than $1bn
6762,2355759,102085,8345,The Fayette County National Bank of Fayetteville,The Fayette County National Bank of Fayetteville,Less than $1bn
15214,2024318,96811,2488,The First Central National Bank of St. Paris,The First Central National Bank of St Paris,Less than $1bn
3301,1233627,354097,12850,The First Liberty National Bank,The First Liberty National Bank,Less than $1bn
5062,1416671,321996,3806,The First National Bank & Trust Co. of Iron Mountain,The First National Bank & Trust Co of Iron Mountain,Less than $1bn
5285,1209042,1160856,2725,The First National Bank and Trust Company,The First National Bank and Trust Company,$1bn - 2.49bn
4050,1062050,190933,7115,The First National Bank and Trust Company of Broken Arrow,The First National Bank and Trust Company of Broken Arrow,Less than $1bn
4148,1061316,132861,5252,The First National Bank and Trust Company of Miami,The First National Bank and Trust Company of Miami,Less than $1bn
7658,1117491,984330,324,The First National Bank and Trust Company of Newtown,The First National Bank and Trust Company of Newtown,Less than $1bn
4170,1056330,260295,11001,The First National Bank and Trust Company of Okmulgee,The First National Bank and Trust Company of Okmulgee,Less than $1bn
14534,1099805,187557,14209,The First National Bank at Paris,The First National Bank at Paris,Less than $1bn
14674,1491753,209685,14244,The First National Bank in Amboy,The First National Bank in Amboy,Less than $1bn
14761,1099618,202099,14268,The First National Bank in Carlyle,The First National Bank in Carlyle,Less than $1bn
4444,1978713,252997,12636,The First National Bank in Creston,The First National Bank in Creston,Less than $1bn
14095,NA,80834,14072,The First National Bank in Falfurrias,The First National Bank in Falfurrias,Less than $1bn
26260,2096164,58429,20838,The First National Bank in Marlow,The First National Bank in Marlow,Less than $1bn
4016,1126354,1270755,3393,The First National Bank in Sioux Falls,The First National Bank in Sioux Falls,$1bn - 2.49bn
3749,1492497,120747,13579,The First National Bank in Tremont,The First National Bank in Tremont,Less than $1bn
14584,1054073,210488,14222,The First National Bank in Trinidad,The First National Bank in Trinidad,Less than $1bn
6442,2579612,147119,10823,The First National Bank of Absecon,The First National Bank of Absecon,Less than $1bn
12365,2227409,255100,8293,The First National Bank of Allendale,The First National Bank of Allendale,Less than $1bn
3599,2734073,91109,9183,The First National Bank of Arenzville,The First National Bank of Arenzville,Less than $1bn
3079,5325212,58913,5786,The First National Bank of Aspermont,The First National Bank of Aspermont,Less than $1bn
3600,NA,20075,5316,The First National Bank of Assumption,The First National Bank of Assumption,Less than $1bn
3761,1134603,65734,10911,The First National Bank of Ava,The First National Bank of Ava,Less than $1bn
3087,1106990,190489,3533,The First National Bank of Ballinger,The First National Bank of Ballinger,Less than $1bn
5337,1124163,226254,13202,The First National Bank of Bangor,The First National Bank of Bangor,Less than $1bn
3091,2410304,634863,4093,The First National Bank of Bastrop,The First National Bank of Bastrop,Less than $1bn
3099,2112439,765358,4241,The First National Bank of Bellville,The First National Bank of Bellville,Less than $1bn
5093,1248546,734212,5582,The First National Bank of Bemidji,The First National Bank of Bemidji,Less than $1bn
3770,2199083,43718,10397,The First National Bank of Brownstown,The First National Bank of Brownstown,Less than $1bn
5105,3288911,26036,11622,The First National Bank of Buhl,The First National Bank of Buhl,Less than $1bn
3777,1098929,426794,4934,The First National Bank of Carmi,The First National Bank of Carmi,Less than $1bn
5115,1125320,68665,12395,The First National Bank of Cokato,The First National Bank of Cokato,Less than $1bn
6574,1417267,231959,13802,The First National Bank of Dennison,The First National Bank of Dennison,Less than $1bn
4654,1066946,59148,9773,The First National Bank of Dighton,The First National Bank of Dighton,Less than $1bn
2794,3013793,34708,9681,The First National Bank of Dozier,The First National Bank of Dozier,Less than $1bn
7031,NA,190370,6487,The First National Bank of Dryden,The First National Bank of Dryden,Less than $1bn
3179,2723648,119119,7534,The First National Bank of Eagle Lake,The First National Bank of Eagle Lake,Less than $1bn
3184,2234863,61607,8575,The First National Bank of Eldorado,The First National Bank of Eldorado,Less than $1bn
6464,2947985,286075,6707,The First National Bank of Elmer,The First National Bank of Elmer,Less than $1bn
3190,NA,104350,12739,The First National Bank of Evant,The First National Bank of Evant,Less than $1bn
3197,1104941,108223,7045,The First National Bank of Floydada,The First National Bank of Floydada,Less than $1bn
3864,1491360,1467184,1950,The First National Bank of Fort Smith,The First National Bank of Fort Smith,$1bn - 2.49bn
6592,NA,65980,86,The First National Bank of Germantown,The First National Bank of Germantown,Less than $1bn
5150,NA,48552,9262,The First National Bank of Gilbert,The First National Bank of Gilbert,Less than $1bn
5410,1050794,213649,8521,The First National Bank of Gordon,The First National Bank of Gordon,Less than $1bn
3228,1105528,634457,3727,The First National Bank of Granbury,The First National Bank of Granbury,Less than $1bn
2695,1823747,261231,12982,The First National Bank of Grayson,The First National Bank of Grayson,Less than $1bn
7085,NA,192390,1083,The First National Bank of Groton,The First National Bank of Groton,Less than $1bn
2804,1084052,122888,7592,The First National Bank of Hartford,The First National Bank of Hartford,Less than $1bn
3248,3828241,90357,12995,The First National Bank of Hebbronville,The First National Bank of Hebbronville,Less than $1bn
5162,1125290,219683,6906,The First National Bank of Henning,The First National Bank of Henning,Less than $1bn
4123,1140060,76419,10566,The First National Bank of Hooker,The First National Bank of Hooker,Less than $1bn
4690,1472079,88303,12384,The First National Bank of Hope,The First National Bank of Hope,Less than $1bn
3268,1838068,274633,6922,The First National Bank of Hughes Springs,The First National Bank of Hughes Springs,Less than $1bn
3029,1998702,123959,8489,The First National Bank of Hugo,The First National Bank of Hugo,Less than $1bn
4697,1139354,748749,3180,The First National Bank of Hutchinson,The First National Bank of Hutchinson,Less than $1bn
4290,1085303,280803,7768,The First National Bank of Jeanerette,The First National Bank of Jeanerette,Less than $1bn
3896,3288425,236127,11312,The First National Bank of Lawrence County at Walnut Ridge,The First National Bank of Lawrence County at Walnut Ridge,Less than $1bn
5180,1126934,138213,6921,The First National Bank of Le Center,The First National Bank of Le Center,Less than $1bn
4134,1917897,68820,6171,The First National Bank of Lindsay,The First National Bank of Lindsay,Less than $1bn
3807,1099346,102522,3962,The First National Bank of Litchfield,The First National Bank of Litchfield,Less than $1bn
3305,2504285,378804,6169,The First National Bank of Livingston,The First National Bank of Livingston,Less than $1bn
7072,1048894,4092930,13126,The First National Bank of Long Island,The First National Bank of Long Island,$2.5bn - 9.9bn
4722,NA,130569,11798,The First National Bank of Louisburg,The First National Bank of Louisburg,Less than $1bn
2708,1427220,145956,7605,The First National Bank of Manchester,The First National Bank of Manchester,Less than $1bn
4477,1491838,65190,3455,The First National Bank of Manning,The First National Bank of Manning,Less than $1bn
3339,NA,500167,9810,The First National Bank of Mertzon,The First National Bank of Mertzon,Less than $1bn
4952,1086449,548018,2221,The First National Bank of Middle Tennessee,The First National Bank of Middle Tennessee,Less than $1bn
5198,3342411,215543,9050,The First National Bank of Milaca,The First National Bank of Milaca,Less than $1bn
4364,NA,328120,9784,The First National Bank of Monterey,The First National Bank of Monterey,Less than $1bn
3351,3147353,47307,5774,The First National Bank of Moody,The First National Bank of Moody,Less than $1bn
5214,2992396,113491,12947,The First National Bank of Moose Lake,The First National Bank of Moose Lake,Less than $1bn
3579,5113763,251346,13102,The First National Bank of Mount Dora,The First National Bank of Mount Dora,Less than $1bn
4598,2090751,99855,3959,"The First National Bank of Nevada, Missouri","The First National Bank of Nevada, Missouri",Less than $1bn
4958,NA,230820,8039,The First National Bank of Oneida,The First National Bank of Oneida,Less than $1bn
5221,1127016,70901,6837,The First National Bank of Osakis,The First National Bank of Osakis,Less than $1bn
3719,2791816,565049,1154,The First National Bank of Ottawa,The First National Bank of Ottawa,Less than $1bn
6671,1139149,194338,11343,The First National Bank of Pandora,The First National Bank of Pandora,Less than $1bn
4494,NA,32138,4155,The First National Bank of Primghar,The First National Bank of Primghar,Less than $1bn
3401,3141034,73584,11706,The First National Bank of Quitaque,The First National Bank of Quitaque,Less than $1bn
3830,1131303,149412,6910,The First National Bank of Raymond,The First National Bank of Raymond,Less than $1bn
2767,1099140,235062,11348,The First National Bank of Russell Springs,The First National Bank of Russell Springs,Less than $1bn
3834,1139523,57310,9786,The First National Bank of Sandoval,The First National Bank of Sandoval,Less than $1bn
5529,2112439,884747,5628,The First National Bank of Shiner,The First National Bank of Shiner,Less than $1bn
5531,2184333,456577,5466,The First National Bank of Sonora,The First National Bank of Sonora,Less than $1bn
17093,1250370,807430,15000,The First National Bank of South Miami,The First National Bank of South Miami,Less than $1bn
3837,1099421,81168,7015,The First National Bank of Sparta,The First National Bank of Sparta,Less than $1bn
4774,3391642,40428,10161,The First National Bank of Spearville,The First National Bank of Spearville,Less than $1bn
5538,2940810,201200,9813,The First National Bank of Sterling City,The First National Bank of Sterling City,Less than $1bn
4199,1142288,116542,7217,The First National Bank of Stigler,The First National Bank of Stigler,Less than $1bn
6706,4226693,155003,11383,The First National Bank of Sycamore,The First National Bank of Sycamore,Less than $1bn
4779,4442699,383414,8114,The First National Bank of Syracuse,The First National Bank of Syracuse,Less than $1bn
5557,NA,114680,11019,The First National Bank of Tom Bean,The First National Bank of Tom Bean,Less than $1bn
5270,1122534,138134,6544,The First National Bank of Waseca,The First National Bank of Waseca,Less than $1bn
6725,3015612,163886,5635,The First National Bank of Waverly,The First National Bank of Waverly,Less than $1bn
2160,1137752,150936,7899,The First National Bank of Waynesboro,The First National Bank of Waynesboro,Less than $1bn
6805,NA,89405,6830,The First National Bank of Williamson,The First National Bank of Williamson,Less than $1bn
34217,2385493,4053820,22949,"The First, A National Banking Association","The First, A National Banking Association",$2.5bn - 9.9bn
17513,2616179,134607,14757,The Fisher National Bank,The Fisher National Bank,Less than $1bn
14225,1133183,118387,5842,The Home National Bank of Thorntown,The Home National Bank of Thorntown,Less than $1bn
7526,1144107,701224,644,The Honesdale National Bank,The Honesdale National Bank,Less than $1bn
6560,1068191,113764077,7745,The Huntington National Bank,The Huntington National Bank,$100bn and above
4241,2107499,132025,11913,The Idabel National Bank,The Idabel National Bank,Less than $1bn
3275,1104503,240571,7814,The Jacksboro National Bank,The Jacksboro National Bank,Less than $1bn
3292,NA,379839,13111,The Lamesa National Bank,The Lamesa National Bank,Less than $1bn
3384,2465283,310617,13541,The Liberty National Bank in Paris,The Liberty National Bank in Paris,Less than $1bn
2750,1118911,326284,13479,The Lincoln National Bank of Hodgenville,The Lincoln National Bank of Hodgenville,Less than $1bn
3808,1248489,111817,10079,The Litchfield National Bank,The Litchfield National Bank,Less than $1bn
7151,1246476,1213742,1027,The Lyons National Bank,The Lyons National Bank,$1bn - 2.49bn
14644,1099980,582042,23202,The Malvern National Bank,The Malvern National Bank,Less than $1bn
6605,2485487,966632,2449,The Merchants National Bank,The Merchants National Bank,Less than $1bn
5141,NA,67268,6991,The Miners National Bank of Eveleth,The Miners National Bank of Eveleth,Less than $1bn
58764,5005626,246182,24827,The Mint National Bank,The MINT National Bank,Less than $1bn
3358,1103515,88496,7194,The Morris County National Bank of Naples,The Morris County National Bank of Naples,Less than $1bn
35161,3832592,317091,715834,The Murray Bank,The Murray Bank,Less than $1bn
17603,2348087,221405,14788,The National Bank of Andrews,The National Bank of Andrews,Less than $1bn
6821,1139925,1315650,12229,The National Bank of Blacksburg,The National Bank of Blacksburg,$1bn - 2.49bn
7018,5333404,333943,1398,The National Bank of Coxsackie,The National Bank of Coxsackie,Less than $1bn
33860,2149622,2256064,22652,The National Bank of Indianapolis,The National Bank of Indianapolis,$1bn - 2.49bn
7590,2409755,164134,3147,The National Bank of Malvern,The National Bank of Malvern,Less than $1bn
21329,1133026,303463,16226,The National Bank of Texas at Fort Worth,The National Bank of Texas at Fort Worth,Less than $1bn
2093,NA,532284,4107,The National Capital Bank of Washington,The National Capital Bank of Washington,Less than $1bn
2608,1115406,354580,676,The National Grand Bank of Marblehead,The National Grand Bank of Marblehead,Less than $1bn
2496,2606693,142669,1214,The National Iron Bank,The National Iron Bank,Less than $1bn
7646,1140097,379423,12471,The Neffs National Bank,The Neffs National Bank,Less than $1bn
7666,2575726,543964,7005,The Northumberland National Bank,The Northumberland National Bank,Less than $1bn
3827,1248377,71438,11780,The Old Exchange National Bank of Okawville,The Old Exchange National Bank of Okawville,Less than $1bn
6892,1076673,1058955,12267,The Old Point National Bank of Phoebus,The Old Point National Bank of Phoebus,$1bn - 2.49bn
6653,1142336,8685697,9179,The Park National Bank,The Park National Bank,$2.5bn - 9.9bn
4173,1062715,252948,7892,The Pauls Valley National Bank,The Pauls Valley National Bank,Less than $1bn
19978,1132757,203465,15733,The Pennsville National Bank,The Pennsville National Bank,Less than $1bn
4059,1066852,141749,10051,The Peoples National Bank of Checotah,The Peoples National Bank of Checotah,Less than $1bn
3388,2454773,184232,11595,The Perryton National Bank,The Perryton National Bank,Less than $1bn
5317,1210310,213068,5658,The Peshtigo National Bank,The Peshtigo National Bank,Less than $1bn
6990,NA,155811,976,The Putnam County National Bank of Carmel,The Putnam County National Bank of Carmel,Less than $1bn
4318,1141478,245639,5267,The Riddell National Bank,The Riddell National Bank,Less than $1bn
2723,2896207,114147,8905,The Salyersville National Bank,The Salyersville National Bank,Less than $1bn
14966,1064504,340221,14315,The Security National Bank of Enid,The Security National Bank of Enid,Less than $1bn
4506,1200348,1098686,3124,"The Security National Bank of Sioux City, Iowa","The Security National Bank of Sioux City, Iowa",$1bn - 2.49bn
3103,1110278,427401,12543,The State National Bank of Big Spring,The State National Bank of Big Spring,Less than $1bn
3237,1103234,36513,12742,The State National Bank of Groom,The State National Bank of Groom,Less than $1bn
5306,1245509,545386,4137,The Stephenson National Bank and Trust,The Stephenson National Bank and Trust,Less than $1bn
1941,1097744,140484,24092,"The Tipton Latham Bank, National Association","The Tipton Latham Bank, National Association",Less than $1bn
7789,1142813,151180,9803,The Turbotville National Bank,The Turbotville National Bank,Less than $1bn
32606,1918120,79845,22241,The University National Bank of Lawrence,The University National Bank of Lawrence,Less than $1bn
13748,NA,168168,12018,The Upstate National Bank,The Upstate National Bank,Less than $1bn
6636,1070765,1051371,2036,The Vinton County National Bank,The Vinton County National Bank,$1bn - 2.49bn
5569,3386321,289001,5203,The Waggoner National Bank of Vernon,The Waggoner National Bank of Vernon,Less than $1bn
5595,2287225,230860,8694,The Yoakum National Bank,The Yoakum National Bank,Less than $1bn
58536,NA,1723546,718037,Think Mutual Bank,Think Mutual Bank,$1bn - 2.49bn
34068,2346010,1002299,22883,Thomasville National Bank,Thomasville National Bank,$1bn - 2.49bn
3225,3831625,202237,12437,"Titan Bank, National Association","Titan Bank, National Association",Less than $1bn
58687,3645886,420218,24789,Touchmark National Bank,Touchmark National Bank,Less than $1bn
18922,1203974,1462655,15738,Tri City National Bank,Tri City National Bank,$1bn - 2.49bn
24677,1129690,165808,17926,"Triad Bank, National Association","Triad Bank, National Association",Less than $1bn
57543,NA,291665,24397,"Trinity Bank, National Association","Trinity Bank, National Association",Less than $1bn
31945,1048513,5259943,707635,Trustco Bank,Trustco Bank,$2.5bn - 9.9bn
4988,1079562,14017762,10523,Trustmark National Bank,Trustmark National Bank,$10bn - 99.9bn
6548,1119794,533129091,24,U.S. Bank National Association,"U.S. Bank, National Association",$100bn and above
8273,1049828,26151097,23920,"UMB Bank, National Association","UMB Bank, National Association",$10bn - 99.9bn
3661,1205268,319999,7236,Union National Bank,Union National Bank,Less than $1bn
57391,1202258,102035,24346,United Bank & Trust National Association,United Bank & Trust National Association,Less than $1bn
32441,3828054,292441,25160,"United Midwest Savings Bank, National Association","United Midwest Savings Bank, National Association",Less than $1bn
35427,NA,214407,23981,United National Bank,United National Bank,Less than $1bn
26351,NA,107905,21008,Unity National Bank of Houston,Unity National Bank of Houston,Less than $1bn
9396,1048773,39109234,15790,Valley National Bank,Valley National Bank,$10bn - 99.9bn
23737,1951891,681210,17174,"Vast Bank, National Association","Vast Bank, National Association",Less than $1bn
3250,1917600,2496001,13443,"VeraBank, National Association","VeraBank, National Association",$1bn - 2.49bn
32082,1449512,214612,25210,"Viking Bank, National Association","Viking Bank, National Association",Less than $1bn
34755,4517261,717380,23616,Virginia National Bank,Virginia National Bank,Less than $1bn
4029,3292253,725592,12591,"Vision Bank, National Association","Vision Bank, National Association",Less than $1bn
28088,3065617,17372259,25073,"Washington Federal Bank, National Association","Washington Federal Bank, National Association",$10bn - 99.9bn
58433,3588415,1002267,24685,"Waterford Bank, National Association","Waterford Bank, National Association",$1bn - 2.49bn
18221,1145476,31658041,24469,"Webster Bank, National Association","Webster Bank, National Association",$10bn - 99.9bn
3511,1120754,1763696000,1,"Wells Fargo Bank, National Association","Wells Fargo Bank, National Association",$100bn and above
22957,1109834,1380873,24185,West Texas National Bank,West Texas National Bank,$1bn - 2.49bn
58426,3480050,90124,24683,West Valley National Bank,West Valley National Bank,Less than $1bn
33803,2260406,2207684,25203,"Wheaton Bank & Trust Company, National Association","Wheaton Bank & Trust Company, National Association",$1bn - 2.49bn
29313,1924804,145455,703267,WinFirst Bank,WinFirst Bank,Less than $1bn
28213,NA,370388,701149,"Winter Hill Bank, FSB","Winter Hill Bank, FSB",Less than $1bn
59105,NA,418816,25142,Winter Park National Bank,Winter Park National Bank,Less than $1bn
33935,2260406,7483044,25196,"Wintrust Bank, National Association","Wintrust Bank, National Association",$2.5bn - 9.9bn
5280,1133660,412416,10865,"WNB Financial, National Association","WNB Financial, National Association",Less than $1bn
23220,4199229,6945211,16892,Woodforest National Bank,Woodforest National Bank,$2.5bn - 9.9bn
1417,2359823,223773,23926,Woodlands National Bank,Woodlands National Bank,Less than $1bn
57414,NA,310045,24343,Worthington National Bank,Worthington National Bank,Less than $1bn
